{
    "全局数据信息": {
        "场景数量": 9,
        "点云数量": 54907460,
        "各类别信息": {
            "背景类": {
                "点云数量": 26315818,
                "点云占比": 0.47927582153681847,
                "平坦占比": 0.050668743260045446,
                "斜坡占比": 0.9493312567399546
            },
            "建筑类": {
                "点云数量": 5921941,
                "点云占比": 0.10785312232618299,
                "高楼占比": 0.4914912532372673,
                "民房占比": 0.29713583046411246,
                "临建占比": 0.2113729162986203
            },
            "车辆类": {
                "点云数量": 364858,
                "点云占比": 0.00664496226924356,
                "普通汽车占比": 1.0,
                "工程车辆占比": 0.0
            },
            "高植被类": {
                "点云数量": 17891250,
                "点云占比": 0.3258437013841107
            },
            "低植被类": {
                "点云数量": 4413593,
                "点云占比": 0.0803823924836443
            }
        }
    },
    "数据集分布": {
        "train": {
            "train集数据信息": {
                "场景数量": 5,
                "点云数量": 37888156,
                "各类别信息": {
                    "背景类": {
                        "点云数量": 16289618,
                        "点云占比": 0.42993958323017883,
                        "平坦占比": 0.07058655396338945,
                        "斜坡占比": 0.9294134460366106
                    },
                    "建筑类": {
                        "点云数量": 4815381,
                        "点云占比": 0.12709462556055776,
                        "高楼占比": 0.8113781650922326,
                        "民房占比": 0.1399004564747836,
                        "临建占比": 0.048721378432983804
                    },
                    "车辆类": {
                        "点云数量": 348608,
                        "点云占比": 0.009200975629428891,
                        "普通汽车占比": 1.0,
                        "工程车辆占比": 0.0
                    },
                    "高植被类": {
                        "点云数量": 13274484,
                        "点云占比": 0.35035972719284625
                    },
                    "低植被类": {
                        "点云数量": 3160065,
                        "点云占比": 0.08340508838698828
                    }
                }
            },
            "每个场景信息": {
                "01JXY12": {
                    "背景类": {
                        "点云数量": 852640,
                        "点云占比": 0.18403121692973234,
                        "平坦占比": 1.0
                    },
                    "建筑类": {
                        "点云数量": 2533347,
                        "点云占比": 0.5467898894202555,
                        "高楼占比": 1.0
                    },
                    "车辆类": {
                        "点云数量": 206325,
                        "点云占比": 0.04453255868013115,
                        "普通汽车占比": 1.0
                    },
                    "高植被类": {
                        "点云数量": 874086,
                        "点云占比": 0.18866005615645762
                    },
                    "低植被类": {
                        "点云数量": 166729,
                        "点云占比": 0.035986278813423415
                    }
                },
                "32_train": {
                    "背景类": {
                        "点云数量": 7416991,
                        "点云占比": 0.6843769209773914,
                        "斜坡占比": 1.0
                    },
                    "建筑类": {
                        "点云数量": 439062,
                        "点云占比": 0.04051291145940118,
                        "民房占比": 1.0
                    },
                    "车辆类": {
                        "点云数量": 27586,
                        "点云占比": 0.0025454017326005008
                    },
                    "高植被类": {
                        "点云数量": 2274938,
                        "点云占比": 0.20991195268464866
                    },
                    "低植被类": {
                        "点云数量": 679005,
                        "点云占比": 0.0626528131459582
                    }
                },
                "35SBL_train": {
                    "背景类": {
                        "点云数量": 1434238,
                        "点云占比": 0.1725423590975487,
                        "斜坡占比": 1.0
                    },
                    "车辆类": {
                        "点云数量": 2146,
                        "点云占比": 0.0002581690783700749
                    },
                    "高植被类": {
                        "点云数量": 5878858,
                        "点云占比": 0.7072410772267204
                    },
                    "低植被类": {
                        "点云数量": 997140,
                        "点云占比": 0.1199583945973609
                    }
                },
                "37XCNN_train": {
                    "背景类": {
                        "点云数量": 6288561,
                        "点云占比": 0.5160353442829525,
                        "斜坡占比": 1.0
                    },
                    "建筑类": {
                        "点云数量": 469224,
                        "点云占比": 0.038504225113793776,
                        "民房占比": 0.5,
                        "临建占比": 0.5
                    },
                    "车辆类": {
                        "点云数量": 35921,
                        "点云占比": 0.00294765457502725
                    },
                    "高植被类": {
                        "点云数量": 4078536,
                        "点云占比": 0.3346820884667281
                    },
                    "低植被类": {
                        "点云数量": 1314057,
                        "点云占比": 0.10783068756149837
                    }
                },
                "UrbanBIS_Yingrenshi": {
                    "背景类": {
                        "点云数量": 297188,
                        "点云占比": 0.15488496252278808,
                        "平坦占比": 1.0
                    },
                    "建筑类": {
                        "点云数量": 1373748,
                        "点云占比": 0.7159538995375152,
                        "高楼占比": 1.0
                    },
                    "车辆类": {
                        "点云数量": 76630,
                        "点云占比": 0.03993712625718821,
                        "普通汽车占比": 1.0
                    },
                    "高植被类": {
                        "点云数量": 168066,
                        "点云占比": 0.0875906702536943
                    },
                    "低植被类": {
                        "点云数量": 3134,
                        "点云占比": 0.001633341428814144
                    }
                }
            }
        },
        "val": {
            "val集数据信息": {
                "场景数量": 4,
                "点云数量": 17019304,
                "各类别信息": {
                    "背景类": {
                        "点云数量": 10026200,
                        "点云占比": 0.5891075216706864,
                        "平坦占比": 0.030750932556701444,
                        "斜坡占比": 0.9692490674432985
                    },
                    "建筑类": {
                        "点云数量": 1106560,
                        "点云占比": 0.06501793492847886,
                        "高楼占比": 0.1716043413823019,
                        "民房占比": 0.4543712044534413,
                        "临建占比": 0.3740244541642568
                    },
                    "车辆类": {
                        "点云数量": 16250,
                        "点云占比": 0.000954798151557784,
                        "普通汽车占比": 1.0,
                        "工程车辆占比": 0.0
                    },
                    "高植被类": {
                        "点云数量": 4616766,
                        "点云占比": 0.2712664395676815
                    },
                    "低植被类": {
                        "点云数量": 1253528,
                        "点云占比": 0.07365330568159544
                    }
                }
            },
            "每个场景信息": {
                "27DATA19_val": {
                    "背景类": {
                        "点云数量": 268348,
                        "点云占比": 0.16247149840584818,
                        "斜坡占比": 1.0
                    },
                    "建筑类": {
                        "点云数量": 275090,